ticker,event_ticker,category,event_time,vol_total,vol_24h,vol_4h,vol_1h,n_trades_1h,max_trade_size_1h,net_yes_volume_1h,vol_30m,n_trades_30m,max_trade_size_30m,net_yes_volume_30m,price_change_30m,z_vol_30m,z_vol_1h,z_max_trade_size_1h,z_price_change_30m,flag_volume_spike_30m,flag_big_trade_1h,flag_price_jump_30m,suspicion_score
KXWTAMATCH-25NOV05RYBALE-RYB,KXWTAMATCH-25NOV05RYBALE,Sports,2025-11-05 15:31:02.651018+00:00,48343,48343,48343,48294,163,3000,506,38714,96,3000,-6346,0.12,10.793179010381005,9.595620507868801,3.625931929621083,0.48713477109836917,True,True,False,12.702144975191546
KXWTAMATCH-25NOV05RYBALE-ALE,KXWTAMATCH-25NOV05RYBALE,Sports,2025-11-05 15:31:02.651018+00:00,32490,32490,32490,32395,195,1500,11085,22706,114,1500,4008,-0.4,6.224583269461451,6.321703437928104,1.4966797482880634,-1.6514053806209383,True,False,True,7.292923143605483
KXNBASPREAD-25NOV05WASBOS-BOS25,KXNBASPREAD-25NOV05WASBOS,Sports,2025-11-06 03:05:17.059625+00:00,27877,27877,27638,25917,43,2500,17641,15481,27,2500,10153,0.26,4.1626077429657125,4.9877557192617825,2.916181202510076,1.0628955811766443,True,False,True,5.828698344220751
KXNBATOTAL-25NOV05UTADET-215,KXNBATOTAL-25NOV05UTADET,Sports,2025-11-06 02:50:21.691384+00:00,16571,16571,15648,11583,46,5000,-8283,8326,16,5000,-7150,-0.52,2.120609834027718,2.0361029561615904,6.464934838065108,-2.1449146464023174,False,True,True,5.7690772530602725
KXNBATOTAL-25NOV05PHICLE-236,KXNBATOTAL-25NOV05PHICLE,Sports,2025-11-06 02:45:38.915803+00:00,55246,55246,46054,8440,20,5000,4180,7204,6,5000,3250,0.55,1.8003971640307326,1.3888973865771126,6.464934838065108,2.2555429734816426,False,True,True,5.472864583063287
KXNBATOTAL-25NOV05PHICLE-224,KXNBATOTAL-25NOV05PHICLE,Sports,2025-11-06 02:45:38.915803+00:00,6293,6293,6193,5224,4,4175,-4224,49,1,49,-49,0.26,-0.24160074490726194,0.7266596799962406,5.293846138331948,1.0628955811766443,False,True,True,2.854923069165974
KXNBASPREAD-25NOV05WASBOS-BOS19,KXNBASPREAD-25NOV05WASBOS,Sports,2025-11-06 03:05:17.059625+00:00,12189,12189,11989,6464,13,2120,1766,4212,10,500,4000,0.52,0.9464967107054384,0.9820000892500595,2.3767706499057115,2.132165657036298,False,False,True,2.550882035658294
KXNBASPREAD-25NOV05UTADET-DET10,KXNBASPREAD-25NOV05UTADET,Sports,2025-11-06 02:50:20.874607+00:00,58493,58493,27199,13552,56,2500,5210,3861,27,500,1837,-0.2799999999999999,0.8463232283801783,2.441558815694469,2.916181202510076,-1.1578961148395592,False,False,True,2.528413829635216
KXNBASPREAD-25NOV05BKNIND-IND6,KXNBASPREAD-25NOV05BKNIND,Sports,2025-11-06 02:55:08.052898+00:00,30793,30793,19150,5496,18,1895,2850,4366,7,1895,3356,-0.48,0.9904474693324756,0.7826698342841751,2.0573828227057587,-1.980411557808524,False,False,True,2.4031388806853546
KXNBASPREAD-25NOV05PHICLE-CLE13,KXNBASPREAD-25NOV05PHICLE,Sports,2025-11-06 02:45:41.008688+00:00,18486,18486,16620,7112,39,1035,2032,6153,24,1035,1701,0.44,1.5004475061280307,1.115436045053668,0.8366115720748277,1.8031594798487123,False,False,True,2.2707532921654443
KXNBATOTAL-25NOV05PHICLE-248,KXNBATOTAL-25NOV05PHICLE,Sports,2025-11-06 02:45:38.915803+00:00,30777,30777,29226,11477,103,800,-853,5120,46,800,1820,0.68,1.2056349498830343,2.0142754695640868,0.5030287303326547,2.7901780114114696,False,False,True,2.0011493150493616
KXNBASPREAD-25NOV05WASBOS-BOS22,KXNBASPREAD-25NOV05WASBOS,Sports,2025-11-06 03:05:17.059625+00:00,24187,24187,24186,6830,20,1316,2816,4699,15,1000,3317,0.3299999999999999,1.0854838500000301,1.0573666939169124,1.2354914807112134,1.3507759862157815,False,False,True,1.9672295903556367
KXNBATOTAL-25NOV05BKNIND-217,KXNBATOTAL-25NOV05BKNIND,Sports,2025-11-06 02:55:06.754032+00:00,15004,15004,13917,8140,85,1840,3820,3628,30,1840,1994,-0.0399999999999999,0.7798263013665441,1.3271214811124792,1.9793102427235478,-0.17087758327680194,False,False,False,1.801481422728318
KXNBASPREAD-25NOV05WASBOS-BOS16,KXNBASPREAD-25NOV05WASBOS,Sports,2025-11-06 03:05:17.059625+00:00,17426,17426,17426,4740,11,2083,-340,1943,6,500,1857,0.41,0.29893650729798776,0.6269945525132985,2.324249096099497,1.6797821634033676,False,False,True,1.7890610553477362
KXNBATOTAL-25NOV05WASBOS-244,KXNBATOTAL-25NOV05WASBOS,Sports,2025-11-06 03:05:13.149363+00:00,3672,3672,3356,3352,30,1000,-1044,3352,30,1000,-1044,0.5,0.7010574092817241,0.34117802989692714,0.7869290211770572,2.0499141127394016,False,False,True,1.4945219198702526
KXNBATOTAL-25NOV05PHICLE-245,KXNBATOTAL-25NOV05PHICLE,Sports,2025-11-06 02:45:38.915803+00:00,10325,10325,9907,3872,20,1512,-1514,2624,11,1512,-1604,0.2,0.49329018668118474,0.4482562660356253,1.5137137657387276,0.816140948285955,False,False,True,1.4101470695505487
KXNBATOTAL-25NOV05BKNIND-229,KXNBATOTAL-25NOV05BKNIND,Sports,2025-11-06 02:55:06.754032+00:00,16464,16464,15352,3257,21,1026,149,1917,8,1026,299,-0.52,0.2915162493479685,0.3216156598331265,0.8238360589868295,-2.1449146464023174,False,False,True,1.1194342788413834
KXNBASPREAD-25NOV05PHICLE-CLE10,KXNBASPREAD-25NOV05PHICLE,Sports,2025-11-06 02:45:41.008688+00:00,89639,89639,48181,7232,44,967,2340,2119,14,411,-319,0.4599999999999999,0.34916594572888743,1.1401464072395215,0.7400854731877308,1.8854110241456083,False,False,True,1.0872086823227527
KXNBATOTAL-25NOV05WASBOS-241,KXNBATOTAL-25NOV05WASBOS,Sports,2025-11-06 03:05:13.149363+00:00,2407,2407,2407,2403,12,1000,769,2403,12,1000,769,-0.11,0.43021799410602096,0.1457602489438029,0.7869290211770572,-0.4587579883159399,False,False,False,0.9116825046945495
KXNBATOTAL-25NOV05UTADET-233,KXNBATOTAL-25NOV05UTADET,Sports,2025-11-06 02:50:21.691384+00:00,16077,16077,12487,1977,14,862,299,1750,9,862,362,-0.44,0.24385536174592168,0.058038463184023226,0.5910378204944194,-1.8159084692147311,False,False,True,0.8913742719931315
KXNBASPREAD-25NOV05WASBOS-BOS10,KXNBASPREAD-25NOV05WASBOS,Sports,2025-11-06 03:05:17.059625+00:00,19057,19057,17674,3125,19,1134,579,602,4,485,468,0.4199999999999999,-0.08377756620108291,0.2944342614286877,0.9771422160428069,1.7209079355518153,False,False,True,0.8245711080214033
KXNBASPREAD-25NOV05PHICLE-CLE16,KXNBASPREAD-25NOV05PHICLE,Sports,2025-11-06 02:45:41.008688+00:00,15998,15998,15921,5035,26,675,1831,2092,15,500,-278,0.38,0.34146029324232896,0.6877408595535215,0.32559104855490306,1.556404846958023,False,False,True,0.8082558175197805
KXNBATOTAL-25NOV05WASBOS-235,KXNBATOTAL-25NOV05WASBOS,Sports,2025-11-06 03:05:13.149363+00:00,18714,18714,11385,6427,31,500,-181,3008,17,500,1892,-0.12,0.6028816887122385,0.9743810609094213,0.07717829406605084,-0.4998837604643881,False,False,False,0.7374708357452638
KXNBATOTAL-25NOV05PHICLE-233,KXNBATOTAL-25NOV05PHICLE,Sports,2025-11-06 02:45:38.915803+00:00,66470,66470,31548,3135,21,935,-1083,705,3,467,-705,0.48,-0.05438192893754504,0.29649345827750884,0.6946614266526264,1.967662568442505,False,False,True,0.7313307133263132
KXNBASPREAD-25NOV05BKNIND-IND3,KXNBASPREAD-25NOV05BKNIND,Sports,2025-11-06 02:55:08.052898+00:00,12690,12690,9153,4037,32,600,-2077,1189,10,446,189,-0.62,0.08374902674742901,0.4822330140411738,0.2191284394882521,-2.5561723678867994,False,False,True,0.689313246491555
KXNBASPREAD-25NOV05BKNIND-BKN9,KXNBASPREAD-25NOV05BKNIND,Sports,2025-11-06 02:55:08.052898+00:00,8059,8059,5077,3213,47,349,-1155,2567,26,349,-1161,0.23,0.47702269809845016,0.3125551936983136,-0.1371664255214731,0.9395182647312996,False,False,True,0.6610226980984502
KXNBATOTAL-25NOV05UTADET-218,KXNBATOTAL-25NOV05UTADET,Sports,2025-11-06 02:50:21.691384+00:00,3997,3997,3853,644,4,498,-608,498,1,498,-498,-0.77,-0.11345859800115998,-0.21645247676383197,0.07433929115760682,-3.1730589501135227,False,False,True,0.6531696455788035
KXNBATOTAL-25NOV05WASBOS-232,KXNBATOTAL-25NOV05WASBOS,Sports,2025-11-06 03:05:13.149363+00:00,42201,42201,8436,2843,26,470,-1177,1673,11,470,-7,0.4999999999999999,0.22187998243240306,0.23636491029193216,0.03459325043939046,2.049914112739401,False,False,True,0.6391766076520982
KXNBASPREAD-25NOV05PHICLE-CLE19,KXNBASPREAD-25NOV05PHICLE,Sports,2025-11-06 02:45:41.008688+00:00,7734,7734,7086,5775,31,500,921,1953,15,500,-1515,0.3500000000000001,0.3017904526633798,0.8401214263662843,0.07717829406605084,1.4330275305126787,False,False,True,0.6203795996964052
KXNBATOTAL-25NOV05WASBOS-238,KXNBATOTAL-25NOV05WASBOS,Sports,2025-11-06 03:05:13.149363+00:00,13294,13294,6937,3705,40,500,583,2343,22,500,1415,-0.21,0.4130943219136688,0.41386767866031265,0.07717829406605084,-0.8700157098004221,False,False,True,0.6196834689466942
KXNBATOTAL-25NOV05BKNIND-223,KXNBATOTAL-25NOV05BKNIND,Sports,2025-11-06 02:55:06.754032+00:00,7655,7655,7655,1192,10,500,-778,509,2,500,-491,-0.7,-0.11031925809922875,-0.10360848944843463,0.07717829406605084,-2.885178545074385,False,False,True,0.5985891470330253
KXNBATOTAL-25NOV05UTADET-221,KXNBATOTAL-25NOV05UTADET,Sports,2025-11-06 02:50:21.691384+00:00,1586,1586,1571,500,1,500,-500,500,1,500,-500,-0.69,-0.11288780892808158,-0.24610491138685608,0.07717829406605084,-2.8440527729259366,False,False,True,0.5905891470330253
KXNBATOTAL-25NOV05BKNIND-220,KXNBATOTAL-25NOV05BKNIND,Sports,2025-11-06 02:55:06.754032+00:00,3542,3542,3510,1847,15,500,-1271,547,4,474,-453,-0.6799999999999999,-0.09947426571073904,0.03126890414934868,0.07717829406605084,-2.8029270007774882,False,False,True,0.5825891470330253
KXNBATOTAL-25NOV05PHICLE-242,KXNBATOTAL-25NOV05PHICLE,Sports,2025-11-06 02:45:38.915803+00:00,11179,11179,10991,3472,22,546,-1066,604,4,500,496,0.62,-0.0832067771280045,0.36588839208278057,0.14247536096026342,2.54342337852078,False,False,True,0.5672376804801317
KXNBASPREAD-25NOV05BKNIND-BKN3,KXNBASPREAD-25NOV05BKNIND,Sports,2025-11-06 02:55:08.052898+00:00,4548,4548,4489,4181,42,500,2963,872,11,364,188,0.65,-0.006721041335498208,0.5118854486641979,0.07717829406605084,2.666800694966125,False,False,True,0.5585891470330254
KXMAMDANIMENTION-25NOV06-VICT,KXMAMDANIMENTION-25NOV06,Mentions,2025-11-05 20:44:44.617940+00:00,2254,2254,1875,23,1,23,23,23,1,23,23,-0.65,-0.2490210028572812,-0.34432860107562346,-0.5999238995978493,-2.679549684332144,False,False,True,0.52
KXNBATOTAL-25NOV05BKNIND-226,KXNBATOTAL-25NOV05BKNIND,Sports,2025-11-06 02:55:06.754032+00:00,4520,4520,4400,868,10,387,-452,604,6,387,-396,-0.64,-0.0832067771280045,-0.1703264673502389,-0.0832253702610366,-2.638423912183696,False,False,True,0.512
KXNBASPREAD-25NOV05WASBOS-BOS13,KXNBASPREAD-25NOV05WASBOS,Sports,2025-11-06 03:05:17.059625+00:00,44212,44212,20463,3073,18,500,1623,1134,6,500,586,0.49,0.06805232723777287,0.2837264378148179,0.07717829406605084,2.0087883405909532,False,False,True,0.4986414742707983
KXNBATOTAL-25NOV05UTADET-227,KXNBATOTAL-25NOV05UTADET,Sports,2025-11-06 02:50:21.691384+00:00,3505,3505,3449,500,2,444,-500,444,1,444,-444,-0.61,-0.12886990297427692,-0.24610491138685608,-0.0023137873703818744,-2.515046595738351,False,False,True,0.488
KXNBATOTAL-25NOV05PHICLE-239,KXNBATOTAL-25NOV05PHICLE,Sports,2025-11-06 02:45:38.915803+00:00,7087,7087,7087,2418,16,500,1450,603,4,404,397,0.54,-0.0834921716645437,0.1488490442170346,0.07717829406605084,2.214417201333194,False,False,True,0.47058914703302546
KXNBATOTAL-25NOV05BKNIND-232,KXNBATOTAL-25NOV05BKNIND,Sports,2025-11-06 02:55:06.754032+00:00,95648,95648,12651,1344,13,477,-1340,614,4,477,-610,-0.48,-0.08035283176261247,-0.07230869734635362,0.04452976061894455,-1.980411557808524,False,False,True,0.4062648803094723
KXNBATOTAL-25NOV05UTADET-230,KXNBATOTAL-25NOV05UTADET,Sports,2025-11-06 02:50:21.691384+00:00,7181,7181,5808,997,7,469,-821,557,4,469,-381,-0.48,-0.09662032034534702,-0.14376282800044646,0.03317374898516844,-1.980411557808524,False,False,True,0.40058687449258423
KXNBATOTAL-25NOV05BKNIND-235,KXNBATOTAL-25NOV05BKNIND,Sports,2025-11-06 02:55:06.754032+00:00,3716,3716,3550,711,4,500,-627,711,4,500,-627,-0.42,-0.052669561718309825,-0.20265585787673046,0.07717829406605084,-1.7336569249178346,False,False,True,0.3745891470330254
KXNBATOTAL-25NOV05UTADET-236,KXNBATOTAL-25NOV05UTADET,Sports,2025-11-06 02:50:21.691384+00:00,3370,3370,3349,588,3,500,-412,88,2,47,88,-0.42,-0.23047035798223303,-0.22798397911723023,0.07717829406605084,-1.7336569249178346,False,False,True,0.3745891470330254
KXNBASPREAD-25NOV05BKNIND-BKN6,KXNBASPREAD-25NOV05BKNIND,Sports,2025-11-06 02:55:08.052898+00:00,3295,3295,2721,2672,28,500,1122,1173,13,403,857,0.31,0.07918271416280177,0.201152644177091,0.07717829406605084,1.2685244419188855,False,False,True,0.36577186119582716
KXNBATOTAL-25NOV05PHICLE-218,KXNBATOTAL-25NOV05PHICLE,Sports,2025-11-06 02:45:38.915803+00:00,7342,7342,6549,2364,9,935,-2164,0,0,0,0,0.0,-0.25558507719768286,0.13772938123340053,0.6946614266526264,-0.006374494683009475,False,False,False,0.3473307133263132
KXNBASPREAD-25NOV05UTADET-DET13,KXNBASPREAD-25NOV05UTADET,Sports,2025-11-06 02:50:20.874607+00:00,6198,6198,6118,1030,6,500,-1030,472,2,462,-472,-0.38,-0.12087885595117924,-0.13696747839933676,0.07717829406605084,-1.5691538363240418,False,False,True,0.34258914703302545
KXNBASPREAD-25NOV05UTADET-DET7,KXNBASPREAD-25NOV05UTADET,Sports,2025-11-06 02:50:20.874607+00:00,7163,7163,6254,741,8,500,661,700,4,500,668,0.37,-0.055808901620241054,-0.1964782673302671,0.07717829406605084,1.5152790748095748,False,False,True,0.3345891470330254
KXNBASPREAD-25NOV05PHICLE-CLE22,KXNBASPREAD-25NOV05PHICLE,Sports,2025-11-06 02:45:41.008688+00:00,8870,8870,8743,7577,30,500,-171,1613,11,500,383,0.1,0.20475631024005092,1.21118869852385,0.07717829406605084,0.40488322680147276,False,False,False,0.32334545727307634
KXNBATOTAL-25NOV05WASBOS-226,KXNBATOTAL-25NOV05WASBOS,Sports,2025-11-06 03:05:13.149363+00:00,942,942,923,669,4,500,385,669,4,500,385,0.35,-0.06465613225295633,-0.21130448464177917,0.07717829406605084,1.4330275305126783,False,False,True,0.3185891470330254
KXNCAAMBTOTAL-25NOV05USIBUT-155,KXNCAAMBTOTAL-25NOV05USIBUT,Sports,2025-11-06 02:35:38.151358+00:00,6755,6755,6589,262,2,200,-138,62,1,62,62,-0.39,-0.2378906159322523,-0.2951137963887987,-0.348672142200553,-1.6102796084724902,False,False,True,0.31200000000000006
KXNBASPREAD-25NOV05PHICLE-CLE7,KXNBASPREAD-25NOV05PHICLE,Sports,2025-11-06 02:45:41.008688+00:00,7148,7148,4321,1390,10,419,1370,510,4,419,490,0.39,-0.11003386356268954,-0.06283639184177647,-0.037801323725932194,1.5975306191064713,False,False,True,0.31200000000000006
KXNBASPREAD-25NOV05UTADET-DET16,KXNBASPREAD-25NOV05UTADET,Sports,2025-11-06 02:50:20.874607+00:00,1113,1113,1069,527,2,500,-473,500,1,500,-500,-0.31,-0.11288780892808158,-0.24054507989503907,0.07717829406605084,-1.2812734312849043,False,False,True,0.2865891470330254
KXNBATOTAL-25NOV05WASBOS-229,KXNBATOTAL-25NOV05WASBOS,Sports,2025-11-06 03:05:13.149363+00:00,7256,7256,4306,971,9,474,321,971,9,474,321,0.2999999999999999,0.021533017781882848,-0.14911673980738135,0.04027125625627851,1.2273986697704367,False,False,True,0.281668645910022
KXNBATOTAL-25NOV05WASBOS-223,KXNBATOTAL-25NOV05WASBOS,Sports,2025-11-06 03:05:13.149363+00:00,938,938,938,900,3,500,900,900,3,500,900,0.29,0.0012700056875994644,-0.1637370374340113,0.07717829406605084,1.186272897621989,False,False,True,0.2718591527206249
KXNBATOTAL-25NOV05BKNIND-241,KXNBATOTAL-25NOV05BKNIND,Sports,2025-11-06 02:55:06.754032+00:00,1913,1913,1900,505,2,500,-505,500,1,500,-500,-0.27,-0.11288780892808158,-0.24507531296244553,0.07717829406605084,-1.1167703426911115,False,False,True,0.25458914703302543
KXNBASPREAD-25NOV05UTADET-DET4,KXNBASPREAD-25NOV05UTADET,Sports,2025-11-06 02:50:20.874607+00:00,6800,6800,6401,2134,9,500,-306,700,2,500,700,0.26,-0.055808901620241054,0.0903678537105148,0.07717829406605084,1.0628955811766443,False,False,True,0.24658914703302542
KXNBATOTAL-25NOV05WASBOS-220,KXNBATOTAL-25NOV05WASBOS,Sports,2025-11-06 03:05:13.149363+00:00,538,538,538,538,3,500,500,500,1,500,500,0.24,-0.11288780892808158,-0.23827996336133583,0.07717829406605084,0.9806440368797478,False,False,True,0.2305891470330254
KXNBASPREAD-25NOV05UTADET-DET19,KXNBASPREAD-25NOV05UTADET,Sports,2025-11-06 02:50:20.874607+00:00,1165,1165,518,500,1,500,-500,500,1,500,-500,-0.2299999999999999,-0.11288780892808158,-0.24610491138685608,0.07717829406605084,-0.9522672540973182,False,False,True,0.22258914703302535
KXNBASPREAD-25NOV05WASBOS-BOS4,KXNBASPREAD-25NOV05WASBOS,Sports,2025-11-06 03:05:17.059625+00:00,7294,7294,7078,536,4,478,534,478,1,478,478,0.24,-0.11916648873194403,-0.23869180273110005,0.04594926207316656,0.9806440368797478,False,False,True,0.2149746310365833
KXNBASPREAD-25NOV05UTADET-UTA2,KXNBASPREAD-25NOV05UTADET,Sports,2025-11-06 02:50:20.874607+00:00,1929,1929,1929,522,2,500,-478,500,1,500,-500,-0.21,-0.11288780892808158,-0.24157467831944962,0.07717829406605084,-0.8700157098004221,False,False,True,0.20658914703302544
KXNBASPREAD-25NOV05UTADET-DET1,KXNBASPREAD-25NOV05UTADET,Sports,2025-11-06 02:50:20.874607+00:00,970,970,970,518,3,500,504,500,1,500,500,0.1999999999999999,-0.11288780892808158,-0.24239835705897808,0.07717829406605084,0.8161409482859545,False,False,True,0.19858914703302533
KXNBATOTAL-25NOV05BKNIND-247,KXNBATOTAL-25NOV05BKNIND,Sports,2025-11-06 02:55:06.754032+00:00,1699,1699,1662,572,4,500,-478,47,2,35,47,-0.18,-0.24217153398034033,-0.23127869407534402,0.07717829406605084,-0.7466383933550774,False,False,True,0.18258914703302542
KXNBATOTAL-25NOV05BKNIND-238,KXNBATOTAL-25NOV05BKNIND,Sports,2025-11-06 02:55:06.754032+00:00,2402,2402,2402,500,1,500,-500,500,1,500,-500,-0.18,-0.11288780892808158,-0.24610491138685608,0.07717829406605084,-0.7466383933550774,False,False,True,0.18258914703302542
KXNBATOTAL-25NOV05PHICLE-230,KXNBATOTAL-25NOV05PHICLE,Sports,2025-11-06 02:45:38.915803+00:00,2372,2372,2046,1301,3,701,-101,0,0,0,0,0.0,-0.25558507719768286,-0.08116324379628444,0.3624980863646754,-0.006374494683009475,False,False,False,0.1812490431823377
KXNBATOTAL-25NOV05WASBOS-217,KXNBATOTAL-25NOV05WASBOS,Sports,2025-11-06 03:05:13.149363+00:00,700,700,700,500,2,410,500,410,1,410,410,0.1899999999999999,-0.13857331721660981,-0.24610491138685608,-0.05057683681393031,0.7750151761375063,False,False,True,0.1519999999999999
KXNBATOTAL-25NOV05WASBOS-214,KXNBATOTAL-25NOV05WASBOS,Sports,2025-11-06 03:05:13.149363+00:00,2032,2032,1944,360,4,187,-172,23,1,23,-23,0.1699999999999999,-0.2490210028572812,-0.27493366727035173,-0.36712566110543915,0.6927636318406099,False,False,True,0.13599999999999993
KXNBASPREAD-25NOV05UTADET-UTA5,KXNBASPREAD-25NOV05UTADET,Sports,2025-11-06 02:50:20.874607+00:00,3087,3087,2057,575,6,496,-425,42,2,39,42,0.12,-0.24359850666303637,-0.23066093502069768,0.0715002882491628,0.48713477109836917,False,False,False,0.13175014412458141
KXNBASPREAD-25NOV05PHICLE-CLE25,KXNBASPREAD-25NOV05PHICLE,Sports,2025-11-06 02:45:41.008688+00:00,3879,3879,3778,3000,16,500,-2460,636,3,439,-364,-0.1,-0.07407415195875001,0.2686943008184237,0.07717829406605084,-0.4176322161674917,False,False,False,0.11858914703302544
KXNBATOTAL-25NOV05UTADET-224,KXNBATOTAL-25NOV05UTADET,Sports,2025-11-06 02:50:21.691384+00:00,2329,2329,1802,547,3,500,-453,547,3,500,-453,-0.07,-0.09947426571073904,-0.23642668619739682,0.07717829406605084,-0.294254899722147,False,False,False,0.09458914703302543
KXMAMDANIMENTION-25NOV06-NYPD,KXMAMDANIMENTION-25NOV06,Mentions,2025-11-05 20:44:44.617940+00:00,7310,7310,6435,11,1,11,11,11,1,11,11,-0.0999999999999999,-0.25244573729575165,-0.3467996372942088,-0.6169579170485134,-0.41763221616749124,False,False,False,0.07999999999999992
KXTRUMPMENTIONB-25NOV06-COMM,KXTRUMPMENTIONB-25NOV06,Mentions,2025-11-06 01:51:47.503473+00:00,4008,4008,2982,161,3,93,-161,68,2,58,-68,0.0899999999999999,-0.2361782487130171,-0.315911684561892,-0.5005587978023084,0.3637574546530241,False,False,False,0.07199999999999993
KXNCAAMBTOTAL-25NOV05UMESUGA-126,KXNCAAMBTOTAL-25NOV05UMESUGA,Sports,2025-11-06 02:35:38.710501+00:00,700,700,700,700,2,500,-700,0,0,0,0,0.0,-0.25558507719768286,-0.2049209744104337,0.07717829406605084,-0.006374494683009475,False,False,False,0.03858914703302542
KXNCAAMBSPREAD-25NOV05DSUTEM-TEM17,KXNCAAMBSPREAD-25NOV05DSUTEM,Sports,2025-11-06 02:31:15.663169+00:00,1434,1434,1229,750,4,500,750,0,0,0,0,0.0,-0.25558507719768286,-0.19462499016632812,0.07717829406605084,-0.006374494683009475,False,False,False,0.03858914703302542
KXNCAAMBTOTAL-25NOV05DSUTEM-139,KXNCAAMBTOTAL-25NOV05DSUTEM,Sports,2025-11-06 02:31:14.320411+00:00,722,722,722,701,4,500,699,0,0,0,0,0.0,-0.25558507719768286,-0.2047150547255516,0.07717829406605084,-0.006374494683009475,False,False,False,0.03858914703302542
KXNBASPREAD-25NOV05BKNIND-IND15,KXNBASPREAD-25NOV05BKNIND,Sports,2025-11-06 02:55:08.052898+00:00,1723,1723,1700,500,1,500,-500,0,0,0,0,0.0,-0.25558507719768286,-0.24610491138685608,0.07717829406605084,-0.006374494683009475,False,False,False,0.03858914703302542
KXNBASPREAD-25NOV05UTADET-DET22,KXNBASPREAD-25NOV05UTADET,Sports,2025-11-06 02:50:20.874607+00:00,700,700,700,500,1,500,-500,0,0,0,0,0.0,-0.25558507719768286,-0.24610491138685608,0.07717829406605084,-0.006374494683009475,False,False,False,0.03858914703302542
KXNBASPREAD-25NOV05BKNIND-IND9,KXNBASPREAD-25NOV05BKNIND,Sports,2025-11-06 02:55:08.052898+00:00,3725,3725,2684,604,7,500,-574,511,2,500,-489,0.0,-0.10974846902615035,-0.22468926415911644,0.07717829406605084,-0.006374494683009475,False,False,False,0.03858914703302542
KXNBASPREAD-25NOV05PHICLE-CLE4,KXNBASPREAD-25NOV05PHICLE,Sports,2025-11-06 02:45:41.008688+00:00,1624,1624,1440,564,3,500,564,0,0,0,0,0.0,-0.25558507719768286,-0.2329260515544009,0.07717829406605084,-0.006374494683009475,False,False,False,0.03858914703302542
KXNBATOTAL-25NOV05BKNIND-244,KXNBATOTAL-25NOV05BKNIND,Sports,2025-11-06 02:55:06.754032+00:00,1500,1500,1500,500,1,500,-500,0,0,0,0,0.0,-0.25558507719768286,-0.24610491138685608,0.07717829406605084,-0.006374494683009475,False,False,False,0.03858914703302542
KXNBASPREAD-25NOV05PHICLE-PHI2,KXNBASPREAD-25NOV05PHICLE,Sports,2025-11-06 02:45:41.008688+00:00,2015,2015,1481,500,1,500,-500,0,0,0,0,0.0,-0.25558507719768286,-0.24610491138685608,0.07717829406605084,-0.006374494683009475,False,False,False,0.03858914703302542
KXNBASPREAD-25NOV05BKNIND-IND18,KXNBASPREAD-25NOV05BKNIND,Sports,2025-11-06 02:55:08.052898+00:00,3200,3200,3200,500,1,500,-500,0,0,0,0,0.0,-0.25558507719768286,-0.24610491138685608,0.07717829406605084,-0.006374494683009475,False,False,False,0.03858914703302542
KXNBATOTAL-25NOV05UTADET-245,KXNBATOTAL-25NOV05UTADET,Sports,2025-11-06 02:50:21.691384+00:00,576,576,500,500,1,500,-500,0,0,0,0,0.0,-0.25558507719768286,-0.24610491138685608,0.07717829406605084,-0.006374494683009475,False,False,False,0.03858914703302542
KXNBATOTAL-25NOV05UTADET-239,KXNBATOTAL-25NOV05UTADET,Sports,2025-11-06 02:50:21.691384+00:00,1116,1116,1116,500,1,500,-500,0,0,0,0,0.0,-0.25558507719768286,-0.24610491138685608,0.07717829406605084,-0.006374494683009475,False,False,False,0.03858914703302542
KXNBASPREAD-25NOV05BKNIND-IND12,KXNBASPREAD-25NOV05BKNIND,Sports,2025-11-06 02:55:08.052898+00:00,1342,1342,1322,500,2,498,-500,0,0,0,0,0.0,-0.25558507719768286,-0.24610491138685608,0.07433929115760682,-0.006374494683009475,False,False,False,0.03716964557880341
KXNBATOTAL-25NOV05UTADET-242,KXNBATOTAL-25NOV05UTADET,Sports,2025-11-06 02:50:21.691384+00:00,500,500,500,500,2,495,-500,0,0,0,0,0.0,-0.25558507719768286,-0.24610491138685608,0.07008078679494077,-0.006374494683009475,False,False,False,0.035040393397470386
KXNBATOTAL-25NOV05PHICLE-227,KXNBATOTAL-25NOV05PHICLE,Sports,2025-11-06 02:45:38.915803+00:00,12437,12437,12266,1180,6,477,174,0,0,0,0,0.0,-0.25558507719768286,-0.10607952566701997,0.04452976061894455,-0.006374494683009475,False,False,False,0.022264880309472275
KXNCAAMBSPREAD-25NOV05USIBUT-BUT26,KXNCAAMBSPREAD-25NOV05USIBUT,Sports,2025-11-06 02:35:45.458262+00:00,1742,1742,1742,1491,7,474,227,0,0,0,0,0.0,-0.25558507719768286,-0.04203850366868317,0.04027125625627851,-0.006374494683009475,False,False,False,0.020135628128139255
KXNBASPREAD-25NOV05WASBOS-WAS2,KXNBASPREAD-25NOV05WASBOS,Sports,2025-11-06 03:05:17.059625+00:00,1708,1708,1618,500,2,455,-500,0,0,0,0,0.0,-0.25558507719768286,-0.24610491138685608,0.013300728626060266,-0.006374494683009475,False,False,False,0.006650364313030133
KXNCAAMBSPREAD-25NOV05UMESUGA-UGA44,KXNCAAMBSPREAD-25NOV05UMESUGA,Sports,2025-11-06 02:35:45.831980+00:00,250,250,250,250,3,168,250,0,0,0,0,0.0,-0.25558507719768286,-0.29758483260738405,-0.3940961887356574,-0.006374494683009475,False,False,False,0.0
KXNCAAMBTOTAL-25NOV05UMESUGA-129,KXNCAAMBTOTAL-25NOV05UMESUGA,Sports,2025-11-06 02:35:38.710501+00:00,200,200,200,200,2,199,-200,0,0,0,0,0.0,-0.25558507719768286,-0.30788081685148966,-0.350091643654775,-0.006374494683009475,False,False,False,0.0
KXNCAAMBTOTAL-25NOV05UMESUGA-132,KXNCAAMBTOTAL-25NOV05UMESUGA,Sports,2025-11-06 02:35:38.710501+00:00,200,200,200,200,1,200,-200,0,0,0,0,0.0,-0.25558507719768286,-0.30788081685148966,-0.348672142200553,-0.006374494683009475,False,False,False,0.0
KXNCAAMBTOTAL-25NOV05UMESUGA-138,KXNCAAMBTOTAL-25NOV05UMESUGA,Sports,2025-11-06 02:35:38.710501+00:00,200,200,200,200,1,200,-200,0,0,0,0,0.0,-0.25558507719768286,-0.30788081685148966,-0.348672142200553,-0.006374494683009475,False,False,False,0.0
KXNCAAMBTOTAL-25NOV05UMESUGA-135,KXNCAAMBTOTAL-25NOV05UMESUGA,Sports,2025-11-06 02:35:38.710501+00:00,200,200,200,200,1,200,-200,0,0,0,0,0.0,-0.25558507719768286,-0.30788081685148966,-0.348672142200553,-0.006374494683009475,False,False,False,0.0
KXNCAAMBTOTAL-25NOV05UMESUGA-141,KXNCAAMBTOTAL-25NOV05UMESUGA,Sports,2025-11-06 02:35:38.710501+00:00,643,643,625,200,1,200,-200,0,0,0,0,0.0,-0.25558507719768286,-0.30788081685148966,-0.348672142200553,-0.006374494683009475,False,False,False,0.0
KXNCAAMBTOTAL-25NOV05UMESUGA-144,KXNCAAMBTOTAL-25NOV05UMESUGA,Sports,2025-11-06 02:35:38.710501+00:00,216,216,216,200,1,200,-200,0,0,0,0,0.0,-0.25558507719768286,-0.30788081685148966,-0.348672142200553,-0.006374494683009475,False,False,False,0.0
KXNCAAMBTOTAL-25NOV05UMESUGA-156,KXNCAAMBTOTAL-25NOV05UMESUGA,Sports,2025-11-06 02:35:38.710501+00:00,200,200,200,0,0,0,0,0,0,0,0,0.0,-0.25558507719768286,-0.349064753827912,-0.6325724330449556,-0.006374494683009475,False,False,False,0.0
KXNCAAMBTOTAL-25NOV05UMESUGA-147,KXNCAAMBTOTAL-25NOV05UMESUGA,Sports,2025-11-06 02:35:38.710501+00:00,200,200,200,0,0,0,0,0,0,0,0,0.0,-0.25558507719768286,-0.349064753827912,-0.6325724330449556,-0.006374494683009475,False,False,False,0.0
KXNCAAMBTOTAL-25NOV05UMESUGA-150,KXNCAAMBTOTAL-25NOV05UMESUGA,Sports,2025-11-06 02:35:38.710501+00:00,200,200,200,0,0,0,0,0,0,0,0,0.0,-0.25558507719768286,-0.349064753827912,-0.6325724330449556,-0.006374494683009475,False,False,False,0.0
KXNCAAMBTOTAL-25NOV05UMESUGA-153,KXNCAAMBTOTAL-25NOV05UMESUGA,Sports,2025-11-06 02:35:38.710501+00:00,200,200,200,0,0,0,0,0,0,0,0,0.0,-0.25558507719768286,-0.349064753827912,-0.6325724330449556,-0.006374494683009475,False,False,False,0.0
KXNCAAMBSPREAD-25NOV05DSUTEM-TEM14,KXNCAAMBSPREAD-25NOV05DSUTEM,Sports,2025-11-06 02:31:15.663169+00:00,1008,1008,967,320,4,200,320,0,0,0,0,0.0,-0.25558507719768286,-0.28317045466563623,-0.348672142200553,-0.006374494683009475,False,False,False,0.0
KXNCAAMBSPREAD-25NOV05DSUTEM-TEM11,KXNCAAMBSPREAD-25NOV05DSUTEM,Sports,2025-11-06 02:31:15.663169+00:00,307,307,300,300,5,199,300,0,0,0,0,0.0,-0.25558507719768286,-0.28728884836327845,-0.350091643654775,-0.006374494683009475,False,False,False,0.0
KXNCAAMBSPREAD-25NOV05DSUTEM-TEM20,KXNCAAMBSPREAD-25NOV05DSUTEM,Sports,2025-11-06 02:31:15.663169+00:00,393,393,393,250,2,200,-250,0,0,0,0,0.0,-0.25558507719768286,-0.29758483260738405,-0.348672142200553,-0.006374494683009475,False,False,False,0.0
KXNCAAMBSPREAD-25NOV05DSUTEM-TEM2,KXNCAAMBSPREAD-25NOV05DSUTEM,Sports,2025-11-06 02:31:15.663169+00:00,250,250,250,250,2,200,250,0,0,0,0,0.0,-0.25558507719768286,-0.29758483260738405,-0.348672142200553,-0.006374494683009475,False,False,False,0.0
KXMAMDANIMENTION-25NOV06-GROC,KXMAMDANIMENTION-25NOV06,Mentions,2025-11-05 20:44:44.617940+00:00,1892,1892,92,0,0,0,0,0,0,0,0,0.0,-0.25558507719768286,-0.349064753827912,-0.6325724330449556,-0.006374494683009475,False,False,False,0.0
KXNCAAMBTOTAL-25NOV05DSUTEM-166,KXNCAAMBTOTAL-25NOV05DSUTEM,Sports,2025-11-06 02:31:14.320411+00:00,200,200,200,0,0,0,0,0,0,0,0,0.0,-0.25558507719768286,-0.349064753827912,-0.6325724330449556,-0.006374494683009475,False,False,False,0.0
KXNCAAMBSPREAD-25NOV05DSUTEM-TEM23,KXNCAAMBSPREAD-25NOV05DSUTEM,Sports,2025-11-06 02:31:15.663169+00:00,250,250,250,250,2,200,-250,0,0,0,0,0.0,-0.25558507719768286,-0.29758483260738405,-0.348672142200553,-0.006374494683009475,False,False,False,0.0
KXNCAAMBSPREAD-25NOV05DSUTEM-TEM26,KXNCAAMBSPREAD-25NOV05DSUTEM,Sports,2025-11-06 02:31:15.663169+00:00,615,615,615,250,3,199,-250,0,0,0,0,0.0,-0.25558507719768286,-0.29758483260738405,-0.350091643654775,-0.006374494683009475,False,False,False,0.0
KXNCAAMBSPREAD-25NOV05DSUTEM-TEM29,KXNCAAMBSPREAD-25NOV05DSUTEM,Sports,2025-11-06 02:31:15.663169+00:00,250,250,250,250,3,199,-250,0,0,0,0,0.0,-0.25558507719768286,-0.29758483260738405,-0.350091643654775,-0.006374494683009475,False,False,False,0.0
KXNCAAMBSPREAD-25NOV05DSUTEM-TEM32,KXNCAAMBSPREAD-25NOV05DSUTEM,Sports,2025-11-06 02:31:15.663169+00:00,250,250,250,250,2,200,-250,0,0,0,0,0.0,-0.25558507719768286,-0.29758483260738405,-0.348672142200553,-0.006374494683009475,False,False,False,0.0
KXNCAAMBSPREAD-25NOV05DSUTEM-TEM5,KXNCAAMBSPREAD-25NOV05DSUTEM,Sports,2025-11-06 02:31:15.663169+00:00,250,250,250,250,2,200,250,0,0,0,0,0.0,-0.25558507719768286,-0.29758483260738405,-0.348672142200553,-0.006374494683009475,False,False,False,0.0
KXNCAAMBSPREAD-25NOV05DSUTEM-TEM8,KXNCAAMBSPREAD-25NOV05DSUTEM,Sports,2025-11-06 02:31:15.663169+00:00,523,523,523,450,3,200,450,0,0,0,0,0.0,-0.25558507719768286,-0.2564008956309617,-0.348672142200553,-0.006374494683009475,False,False,False,0.0
KXNCAAMBTOTAL-25NOV05DSUTEM-142,KXNCAAMBTOTAL-25NOV05DSUTEM,Sports,2025-11-06 02:31:14.320411+00:00,349,349,349,249,2,200,151,0,0,0,0,0.0,-0.25558507719768286,-0.2977907522922662,-0.348672142200553,-0.006374494683009475,False,False,False,0.0
KXNCAAMBTOTAL-25NOV05DSUTEM-145,KXNCAAMBTOTAL-25NOV05DSUTEM,Sports,2025-11-06 02:31:14.320411+00:00,300,300,300,200,2,199,200,0,0,0,0,0.0,-0.25558507719768286,-0.30788081685148966,-0.350091643654775,-0.006374494683009475,False,False,False,0.0
KXNCAAMBTOTAL-25NOV05DSUTEM-148,KXNCAAMBTOTAL-25NOV05DSUTEM,Sports,2025-11-06 02:31:14.320411+00:00,244,244,244,244,6,190,-238,0,0,0,0,0.0,-0.25558507719768286,-0.29882035071667673,-0.36286715674277314,-0.006374494683009475,False,False,False,0.0
KXNCAAMBTOTAL-25NOV05DSUTEM-151,KXNCAAMBTOTAL-25NOV05DSUTEM,Sports,2025-11-06 02:31:14.320411+00:00,395,395,250,200,2,199,-200,0,0,0,0,0.0,-0.25558507719768286,-0.30788081685148966,-0.350091643654775,-0.006374494683009475,False,False,False,0.0
KXNCAAMBTOTAL-25NOV05DSUTEM-157,KXNCAAMBTOTAL-25NOV05DSUTEM,Sports,2025-11-06 02:31:14.320411+00:00,200,200,200,180,2,179,-180,0,0,0,0,0.0,-0.25558507719768286,-0.3119992105491319,-0.3784816727392153,-0.006374494683009475,False,False,False,0.0
KXNCAAMBTOTAL-25NOV05DSUTEM-154,KXNCAAMBTOTAL-25NOV05DSUTEM,Sports,2025-11-06 02:31:14.320411+00:00,729,729,607,198,1,198,-198,0,0,0,0,0.0,-0.25558507719768286,-0.3082926562212539,-0.351511145108997,-0.006374494683009475,False,False,False,0.0
KXNCAAMBTOTAL-25NOV05DSUTEM-160,KXNCAAMBTOTAL-25NOV05DSUTEM,Sports,2025-11-06 02:31:14.320411+00:00,200,200,200,0,0,0,0,0,0,0,0,0.0,-0.25558507719768286,-0.349064753827912,-0.6325724330449556,-0.006374494683009475,False,False,False,0.0
KXNCAAMBTOTAL-25NOV05DSUTEM-163,KXNCAAMBTOTAL-25NOV05DSUTEM,Sports,2025-11-06 02:31:14.320411+00:00,200,200,200,0,0,0,0,0,0,0,0,0.0,-0.25558507719768286,-0.349064753827912,-0.6325724330449556,-0.006374494683009475,False,False,False,0.0
KXMAMDANIMENTION-25NOV06-ISLA,KXMAMDANIMENTION-25NOV06,Mentions,2025-11-05 20:44:44.617940+00:00,1162,1162,1056,0,0,0,0,0,0,0,0,0.0,-0.25558507719768286,-0.349064753827912,-0.6325724330449556,-0.006374494683009475,False,False,False,0.0
KXMAMDANIMENTION-25NOV06-INEQ,KXMAMDANIMENTION-25NOV06,Mentions,2025-11-05 20:44:44.617940+00:00,2639,2639,1963,0,0,0,0,0,0,0,0,0.0,-0.25558507719768286,-0.349064753827912,-0.6325724330449556,-0.006374494683009475,False,False,False,0.0
KXNCAAMBTOTAL-25NOV05DSUTEM-169,KXNCAAMBTOTAL-25NOV05DSUTEM,Sports,2025-11-06 02:31:14.320411+00:00,200,200,200,0,0,0,0,0,0,0,0,0.0,-0.25558507719768286,-0.349064753827912,-0.6325724330449556,-0.006374494683009475,False,False,False,0.0
KXMAMDANIMENTION-25NOV06-ADAM,KXMAMDANIMENTION-25NOV06,Mentions,2025-11-05 20:44:44.617940+00:00,2030,2030,465,0,0,0,0,0,0,0,0,0.0,-0.25558507719768286,-0.349064753827912,-0.6325724330449556,-0.006374494683009475,False,False,False,0.0
KXMAMDANIMENTION-25NOV06-BILL,KXMAMDANIMENTION-25NOV06,Mentions,2025-11-05 20:44:44.617940+00:00,1743,1743,1426,0,0,0,0,0,0,0,0,0.0,-0.25558507719768286,-0.349064753827912,-0.6325724330449556,-0.006374494683009475,False,False,False,0.0
KXMAMDANIMENTION-25NOV06-BERN,KXMAMDANIMENTION-25NOV06,Mentions,2025-11-05 20:44:44.617940+00:00,1076,1076,782,0,0,0,0,0,0,0,0,0.0,-0.25558507719768286,-0.349064753827912,-0.6325724330449556,-0.006374494683009475,False,False,False,0.0
KXMAMDANIMENTION-25NOV06-DOUB,KXMAMDANIMENTION-25NOV06,Mentions,2025-11-05 20:44:44.617940+00:00,2441,2441,6,0,0,0,0,0,0,0,0,0.0,-0.25558507719768286,-0.349064753827912,-0.6325724330449556,-0.006374494683009475,False,False,False,0.0
KXMAMDANIMENTION-25NOV06-CUOM,KXMAMDANIMENTION-25NOV06,Mentions,2025-11-05 20:44:44.617940+00:00,6342,6342,5136,0,0,0,0,0,0,0,0,0.0,-0.25558507719768286,-0.349064753827912,-0.6325724330449556,-0.006374494683009475,False,False,False,0.0
KXMAMDANIMENTION-25NOV06-KATH,KXMAMDANIMENTION-25NOV06,Mentions,2025-11-05 20:44:44.617940+00:00,1999,1999,1639,0,0,0,0,0,0,0,0,0.0,-0.25558507719768286,-0.349064753827912,-0.6325724330449556,-0.006374494683009475,False,False,False,0.0
KXMAMDANIMENTION-25NOV06-FREE,KXMAMDANIMENTION-25NOV06,Mentions,2025-11-05 20:44:44.617940+00:00,2021,2021,1906,0,0,0,0,0,0,0,0,0.0,-0.25558507719768286,-0.349064753827912,-0.6325724330449556,-0.006374494683009475,False,False,False,0.0
KXMAMDANIMENTION-25NOV06-FIVE,KXMAMDANIMENTION-25NOV06,Mentions,2025-11-05 20:44:44.617940+00:00,1821,1821,121,0,0,0,0,0,0,0,0,0.0,-0.25558507719768286,-0.349064753827912,-0.6325724330449556,-0.006374494683009475,False,False,False,0.0
KXTRUMPMENTION-25NOV07-NEW,KXTRUMPMENTION-25NOV07,Mentions,2025-11-05 21:11:28.488701+00:00,4335,4335,4078,187,1,187,-187,0,0,0,0,0.0,-0.25558507719768286,-0.3105577727549571,-0.36712566110543915,-0.006374494683009475,False,False,False,0.0
KXMAMDANIMENTION-25NOV06-SOCI,KXMAMDANIMENTION-25NOV06,Mentions,2025-11-05 20:44:44.617940+00:00,2491,2491,1951,249,3,100,249,0,0,0,0,0.0,-0.25558507719768286,-0.2977907522922662,-0.4906222876227543,-0.006374494683009475,False,False,False,0.0
KXMAMDANIMENTION-25NOV06-TRUM,KXMAMDANIMENTION-25NOV06,Mentions,2025-11-05 20:44:44.617940+00:00,2247,2247,271,31,1,31,-31,0,0,0,0,0.0,-0.25558507719768286,-0.3426812435965666,-0.5885678879640731,-0.006374494683009475,False,False,False,0.0
KXMAMDANIMENTION-25NOV06-QUEE,KXMAMDANIMENTION-25NOV06,Mentions,2025-11-05 20:44:44.617940+00:00,1800,1800,1388,0,0,0,0,0,0,0,0,0.0,-0.25558507719768286,-0.349064753827912,-0.6325724330449556,-0.006374494683009475,False,False,False,0.0
KXMAMDANIMENTION-25NOV06-MUSL,KXMAMDANIMENTION-25NOV06,Mentions,2025-11-05 20:44:44.617940+00:00,2092,2092,1464,0,0,0,0,0,0,0,0,0.0,-0.25558507719768286,-0.349064753827912,-0.6325724330449556,-0.006374494683009475,False,False,False,0.0
KXNCAAMBTOTAL-25NOV05COPPLAS-139,KXNCAAMBTOTAL-25NOV05COPPLAS,Sports,2025-11-06 02:16:02.207271+00:00,1765,1765,1412,550,2,350,-150,0,0,0,0,0.0,-0.25558507719768286,-0.23580892714275048,-0.13574692406725108,-0.006374494683009475,False,False,False,0.0
KXNCAAMBTOTAL-25NOV05COPPLAS-142,KXNCAAMBTOTAL-25NOV05COPPLAS,Sports,2025-11-06 02:16:02.207271+00:00,4149,4149,2456,282,4,190,118,0,0,0,0,0.0,-0.25558507719768286,-0.2909954026911565,-0.36286715674277314,-0.006374494683009475,False,False,False,0.0
KXNCAAMBTOTAL-25NOV05COPPLAS-145,KXNCAAMBTOTAL-25NOV05COPPLAS,Sports,2025-11-06 02:16:02.207271+00:00,450,450,450,250,2,200,250,0,0,0,0,0.0,-0.25558507719768286,-0.29758483260738405,-0.348672142200553,-0.006374494683009475,False,False,False,0.0
KXNCAAMBTOTAL-25NOV05COPPLAS-148,KXNCAAMBTOTAL-25NOV05COPPLAS,Sports,2025-11-06 02:16:02.207271+00:00,200,200,200,0,0,0,0,0,0,0,0,0.0,-0.25558507719768286,-0.349064753827912,-0.6325724330449556,-0.006374494683009475,False,False,False,0.0
KXNCAAMBTOTAL-25NOV05COPPLAS-151,KXNCAAMBTOTAL-25NOV05COPPLAS,Sports,2025-11-06 02:16:02.207271+00:00,200,200,200,0,0,0,0,0,0,0,0,0.0,-0.25558507719768286,-0.349064753827912,-0.6325724330449556,-0.006374494683009475,False,False,False,0.0
KXNCAAMBTOTAL-25NOV05COPPLAS-154,KXNCAAMBTOTAL-25NOV05COPPLAS,Sports,2025-11-06 02:16:02.207271+00:00,200,200,200,0,0,0,0,0,0,0,0,0.0,-0.25558507719768286,-0.349064753827912,-0.6325724330449556,-0.006374494683009475,False,False,False,0.0
KXNCAAMBTOTAL-25NOV05COPPLAS-157,KXNCAAMBTOTAL-25NOV05COPPLAS,Sports,2025-11-06 02:16:02.207271+00:00,200,200,200,0,0,0,0,0,0,0,0,0.0,-0.25558507719768286,-0.349064753827912,-0.6325724330449556,-0.006374494683009475,False,False,False,0.0
KXNCAAMBSPREAD-25NOV05UMESUGA-UGA14,KXNCAAMBSPREAD-25NOV05UMESUGA,Sports,2025-11-06 02:35:45.831980+00:00,250,250,250,0,0,0,0,0,0,0,0,0.0,-0.25558507719768286,-0.349064753827912,-0.6325724330449556,-0.006374494683009475,False,False,False,0.0
KXNCAAMBSPREAD-25NOV05UMESUGA-UGA17,KXNCAAMBSPREAD-25NOV05UMESUGA,Sports,2025-11-06 02:35:45.831980+00:00,250,250,250,0,0,0,0,0,0,0,0,0.0,-0.25558507719768286,-0.349064753827912,-0.6325724330449556,-0.006374494683009475,False,False,False,0.0
KXNCAAMBSPREAD-25NOV05UMESUGA-UGA20,KXNCAAMBSPREAD-25NOV05UMESUGA,Sports,2025-11-06 02:35:45.831980+00:00,250,250,250,250,2,200,250,0,0,0,0,0.0,-0.25558507719768286,-0.29758483260738405,-0.348672142200553,-0.006374494683009475,False,False,False,0.0
KXNCAAMBSPREAD-25NOV05UMESUGA-UGA23,KXNCAAMBSPREAD-25NOV05UMESUGA,Sports,2025-11-06 02:35:45.831980+00:00,250,250,250,250,2,200,250,0,0,0,0,0.0,-0.25558507719768286,-0.29758483260738405,-0.348672142200553,-0.006374494683009475,False,False,False,0.0
KXNCAAMBSPREAD-25NOV05UMESUGA-UGA26,KXNCAAMBSPREAD-25NOV05UMESUGA,Sports,2025-11-06 02:35:45.831980+00:00,250,250,250,250,2,200,250,0,0,0,0,0.0,-0.25558507719768286,-0.29758483260738405,-0.348672142200553,-0.006374494683009475,False,False,False,0.0
KXNCAAMBSPREAD-25NOV05UMESUGA-UGA29,KXNCAAMBSPREAD-25NOV05UMESUGA,Sports,2025-11-06 02:35:45.831980+00:00,688,688,507,229,2,200,229,0,0,0,0,0.0,-0.25558507719768286,-0.3019091459899084,-0.348672142200553,-0.006374494683009475,False,False,False,0.0
KXNCAAMBSPREAD-25NOV05UMESUGA-UGA32,KXNCAAMBSPREAD-25NOV05UMESUGA,Sports,2025-11-06 02:35:45.831980+00:00,754,754,387,250,4,199,250,0,0,0,0,0.0,-0.25558507719768286,-0.29758483260738405,-0.350091643654775,-0.006374494683009475,False,False,False,0.0
KXNCAAMBSPREAD-25NOV05UMESUGA-UGA35,KXNCAAMBSPREAD-25NOV05UMESUGA,Sports,2025-11-06 02:35:45.831980+00:00,335,335,335,250,3,200,250,0,0,0,0,0.0,-0.25558507719768286,-0.29758483260738405,-0.348672142200553,-0.006374494683009475,False,False,False,0.0
KXNCAAMBSPREAD-25NOV05UMESUGA-UGA38,KXNCAAMBSPREAD-25NOV05UMESUGA,Sports,2025-11-06 02:35:45.831980+00:00,250,250,250,250,2,200,250,0,0,0,0,0.0,-0.25558507719768286,-0.29758483260738405,-0.348672142200553,-0.006374494683009475,False,False,False,0.0
KXNCAAMBSPREAD-25NOV05UMESUGA-UGA41,KXNCAAMBSPREAD-25NOV05UMESUGA,Sports,2025-11-06 02:35:45.831980+00:00,250,250,250,250,2,200,250,0,0,0,0,0.0,-0.25558507719768286,-0.29758483260738405,-0.348672142200553,-0.006374494683009475,False,False,False,0.0
KXNCAAMBSPREAD-25NOV05COPPLAS-LAS12,KXNCAAMBSPREAD-25NOV05COPPLAS,Sports,2025-11-06 02:16:19.705512+00:00,250,250,250,0,0,0,0,0,0,0,0,0.0,-0.25558507719768286,-0.349064753827912,-0.6325724330449556,-0.006374494683009475,False,False,False,0.0
KXNCAAMBSPREAD-25NOV05COPPLAS-LAS21,KXNCAAMBSPREAD-25NOV05COPPLAS,Sports,2025-11-06 02:16:19.705512+00:00,255,255,255,200,2,190,200,0,0,0,0,0.0,-0.25558507719768286,-0.30788081685148966,-0.36286715674277314,-0.006374494683009475,False,False,False,0.0
KXNCAAMBSPREAD-25NOV05COPPLAS-LAS18,KXNCAAMBSPREAD-25NOV05COPPLAS,Sports,2025-11-06 02:16:19.705512+00:00,2308,2308,1894,0,0,0,0,0,0,0,0,0.0,-0.25558507719768286,-0.349064753827912,-0.6325724330449556,-0.006374494683009475,False,False,False,0.0
KXNCAAMBSPREAD-25NOV05COPPLAS-LAS15,KXNCAAMBSPREAD-25NOV05COPPLAS,Sports,2025-11-06 02:16:19.705512+00:00,4982,4982,1761,5,1,5,5,0,0,0,0,0.0,-0.25558507719768286,-0.3480351554035015,-0.6254749257738454,-0.006374494683009475,False,False,False,0.0
KXNCAAMBSPREAD-25NOV05COPPLAS-LAS27,KXNCAAMBSPREAD-25NOV05COPPLAS,Sports,2025-11-06 02:16:19.705512+00:00,250,250,250,250,2,200,250,0,0,0,0,0.0,-0.25558507719768286,-0.29758483260738405,-0.348672142200553,-0.006374494683009475,False,False,False,0.0
KXNCAAMBSPREAD-25NOV05COPPLAS-LAS30,KXNCAAMBSPREAD-25NOV05COPPLAS,Sports,2025-11-06 02:16:19.705512+00:00,250,250,250,250,3,200,-250,0,0,0,0,0.0,-0.25558507719768286,-0.29758483260738405,-0.348672142200553,-0.006374494683009475,False,False,False,0.0
KXNCAAMBSPREAD-25NOV05COPPLAS-LAS3,KXNCAAMBSPREAD-25NOV05COPPLAS,Sports,2025-11-06 02:16:19.705512+00:00,250,250,250,0,0,0,0,0,0,0,0,0.0,-0.25558507719768286,-0.349064753827912,-0.6325724330449556,-0.006374494683009475,False,False,False,0.0
KXNCAAMBTOTAL-25NOV05COPPLAS-127,KXNCAAMBTOTAL-25NOV05COPPLAS,Sports,2025-11-06 02:16:02.207271+00:00,3010,3010,3010,221,2,200,221,0,0,0,0,0.0,-0.25558507719768286,-0.3035565034689653,-0.348672142200553,-0.006374494683009475,False,False,False,0.0
KXNCAAMBTOTAL-25NOV05COPPLAS-130,KXNCAAMBTOTAL-25NOV05COPPLAS,Sports,2025-11-06 02:16:02.207271+00:00,480,480,400,200,1,200,200,0,0,0,0,0.0,-0.25558507719768286,-0.30788081685148966,-0.348672142200553,-0.006374494683009475,False,False,False,0.0
KXNCAAMBSPREAD-25NOV05COPPLAS-LAS6,KXNCAAMBSPREAD-25NOV05COPPLAS,Sports,2025-11-06 02:16:19.705512+00:00,250,250,250,0,0,0,0,0,0,0,0,0.0,-0.25558507719768286,-0.349064753827912,-0.6325724330449556,-0.006374494683009475,False,False,False,0.0
KXNCAAMBSPREAD-25NOV05COPPLAS-LAS9,KXNCAAMBSPREAD-25NOV05COPPLAS,Sports,2025-11-06 02:16:19.705512+00:00,250,250,250,0,0,0,0,0,0,0,0,0.0,-0.25558507719768286,-0.349064753827912,-0.6325724330449556,-0.006374494683009475,False,False,False,0.0
KXNCAAMBTOTAL-25NOV05COPPLAS-133,KXNCAAMBTOTAL-25NOV05COPPLAS,Sports,2025-11-06 02:16:02.207271+00:00,400,400,400,200,2,195,200,0,0,0,0,0.0,-0.25558507719768286,-0.30788081685148966,-0.35576964947166306,-0.006374494683009475,False,False,False,0.0
KXNCAAMBTOTAL-25NOV05COPPLAS-136,KXNCAAMBTOTAL-25NOV05COPPLAS,Sports,2025-11-06 02:16:02.207271+00:00,547,547,547,200,1,200,200,0,0,0,0,0.0,-0.25558507719768286,-0.30788081685148966,-0.348672142200553,-0.006374494683009475,False,False,False,0.0
KXNBATOTAL-25NOV05PHICLE-221,KXNBATOTAL-25NOV05PHICLE,Sports,2025-11-06 02:45:38.915803+00:00,954,954,714,217,2,200,217,0,0,0,0,0.0,-0.25558507719768286,-0.3043801822084938,-0.348672142200553,-0.006374494683009475,False,False,False,0.0
KXNBASPREAD-25NOV05PHICLE-PHI5,KXNBASPREAD-25NOV05PHICLE,Sports,2025-11-06 02:45:41.008688+00:00,3730,3730,2311,500,4,300,-500,0,0,0,0,0.0,-0.25558507719768286,-0.24610491138685608,-0.2067219967783517,-0.006374494683009475,False,False,False,0.0
KXNBASPREAD-25NOV05WASBOS-BOS1,KXNBASPREAD-25NOV05WASBOS,Sports,2025-11-06 03:05:17.059625+00:00,3029,3029,2999,500,4,395,500,0,0,0,0,0.0,-0.25558507719768286,-0.24610491138685608,-0.0718693586272605,-0.006374494683009475,False,False,False,0.0
KXNBASPREAD-25NOV05WASBOS-BOS7,KXNBASPREAD-25NOV05WASBOS,Sports,2025-11-06 03:05:17.059625+00:00,11220,11220,11033,1360,7,445,1240,0,0,0,0,0.0,-0.25558507719768286,-0.06901398238823983,-0.0008942859161598616,-0.006374494683009475,False,False,False,0.0
KXNBASPREAD-25NOV05PHICLE-CLE1,KXNBASPREAD-25NOV05PHICLE,Sports,2025-11-06 02:45:41.008688+00:00,1281,1281,1128,526,4,420,526,0,0,0,0,0.0,-0.25558507719768286,-0.24075099957992116,-0.03638182227171018,-0.006374494683009475,False,False,False,0.0
KXNBASPREAD-25NOV05WASBOS-WAS5,KXNBASPREAD-25NOV05WASBOS,Sports,2025-11-06 03:05:17.059625+00:00,6959,6959,6516,0,0,0,0,0,0,0,0,0.0,-0.25558507719768286,-0.349064753827912,-0.6325724330449556,-0.006374494683009475,False,False,False,0.0
KXNCAAMBSPREAD-25NOV05COPPLAS-LAS24,KXNCAAMBSPREAD-25NOV05COPPLAS,Sports,2025-11-06 02:16:19.705512+00:00,791,791,791,499,10,200,1,0,0,0,0,0.0,-0.25558507719768286,-0.2463108310717382,-0.348672142200553,-0.006374494683009475,False,False,False,0.0
KXNBASPREAD-25NOV05BKNIND-IND21,KXNBASPREAD-25NOV05BKNIND,Sports,2025-11-06 02:55:08.052898+00:00,2847,2847,2847,500,2,384,-500,0,0,0,0,0.0,-0.25558507719768286,-0.24610491138685608,-0.08748387462370265,-0.006374494683009475,False,False,False,0.0
KXNBASPREAD-25NOV05UTADET-DET25,KXNBASPREAD-25NOV05UTADET,Sports,2025-11-06 02:50:20.874607+00:00,556,556,556,0,0,0,0,0,0,0,0,0.0,-0.25558507719768286,-0.349064753827912,-0.6325724330449556,-0.006374494683009475,False,False,False,0.0
KXNCAAMBTOTAL-25NOV05USIBUT-167,KXNCAAMBTOTAL-25NOV05USIBUT,Sports,2025-11-06 02:35:38.151358+00:00,200,200,200,200,1,200,-200,0,0,0,0,0.0,-0.25558507719768286,-0.30788081685148966,-0.348672142200553,-0.006374494683009475,False,False,False,0.0
KXNCAAMBTOTAL-25NOV05USIBUT-164,KXNCAAMBTOTAL-25NOV05USIBUT,Sports,2025-11-06 02:35:38.151358+00:00,200,200,200,200,1,200,-200,0,0,0,0,0.0,-0.25558507719768286,-0.30788081685148966,-0.348672142200553,-0.006374494683009475,False,False,False,0.0
KXNCAAMBTOTAL-25NOV05USIBUT-161,KXNCAAMBTOTAL-25NOV05USIBUT,Sports,2025-11-06 02:35:38.151358+00:00,350,350,350,200,1,200,-200,0,0,0,0,0.0,-0.25558507719768286,-0.30788081685148966,-0.348672142200553,-0.006374494683009475,False,False,False,0.0
KXNCAAMBTOTAL-25NOV05USIBUT-158,KXNCAAMBTOTAL-25NOV05USIBUT,Sports,2025-11-06 02:35:38.151358+00:00,377,377,377,200,1,200,-200,0,0,0,0,0.0,-0.25558507719768286,-0.30788081685148966,-0.348672142200553,-0.006374494683009475,False,False,False,0.0
KXNCAAMBTOTAL-25NOV05USIBUT-152,KXNCAAMBTOTAL-25NOV05USIBUT,Sports,2025-11-06 02:35:38.151358+00:00,675,675,675,428,3,200,28,0,0,0,0,0.0,-0.25558507719768286,-0.26093112869836815,-0.348672142200553,-0.006374494683009475,False,False,False,0.0
KXNCAAMBTOTAL-25NOV05USIBUT-149,KXNCAAMBTOTAL-25NOV05USIBUT,Sports,2025-11-06 02:35:38.151358+00:00,225,225,225,200,1,200,-200,0,0,0,0,0.0,-0.25558507719768286,-0.30788081685148966,-0.348672142200553,-0.006374494683009475,False,False,False,0.0
KXNCAAMBTOTAL-25NOV05USIBUT-146,KXNCAAMBTOTAL-25NOV05USIBUT,Sports,2025-11-06 02:35:38.151358+00:00,329,329,200,200,1,200,-200,0,0,0,0,0.0,-0.25558507719768286,-0.30788081685148966,-0.348672142200553,-0.006374494683009475,False,False,False,0.0
KXNCAAMBTOTAL-25NOV05USIBUT-143,KXNCAAMBTOTAL-25NOV05USIBUT,Sports,2025-11-06 02:35:38.151358+00:00,200,200,200,200,1,200,200,0,0,0,0,0.0,-0.25558507719768286,-0.30788081685148966,-0.348672142200553,-0.006374494683009475,False,False,False,0.0
KXNCAAMBTOTAL-25NOV05USIBUT-170,KXNCAAMBTOTAL-25NOV05USIBUT,Sports,2025-11-06 02:35:38.151358+00:00,200,200,200,200,1,200,-200,0,0,0,0,0.0,-0.25558507719768286,-0.30788081685148966,-0.348672142200553,-0.006374494683009475,False,False,False,0.0
KXNCAAMBTOTAL-25NOV05USIBUT-140,KXNCAAMBTOTAL-25NOV05USIBUT,Sports,2025-11-06 02:35:38.151358+00:00,200,200,180,180,1,180,180,0,0,0,0,0.0,-0.25558507719768286,-0.3119992105491319,-0.37706217128499325,-0.006374494683009475,False,False,False,0.0
KXNCAAMBSPREAD-25NOV05USIBUT-BUT8,KXNCAAMBSPREAD-25NOV05USIBUT,Sports,2025-11-06 02:35:45.458262+00:00,250,250,250,0,0,0,0,0,0,0,0,0.0,-0.25558507719768286,-0.349064753827912,-0.6325724330449556,-0.006374494683009475,False,False,False,0.0
KXNCAAMBSPREAD-25NOV05USIBUT-BUT35,KXNCAAMBSPREAD-25NOV05USIBUT,Sports,2025-11-06 02:35:45.458262+00:00,250,250,250,250,2,200,-250,0,0,0,0,0.0,-0.25558507719768286,-0.29758483260738405,-0.348672142200553,-0.006374494683009475,False,False,False,0.0
KXNCAAMBSPREAD-25NOV05USIBUT-BUT5,KXNCAAMBSPREAD-25NOV05USIBUT,Sports,2025-11-06 02:35:45.458262+00:00,250,250,240,0,0,0,0,0,0,0,0,0.0,-0.25558507719768286,-0.349064753827912,-0.6325724330449556,-0.006374494683009475,False,False,False,0.0
KXNCAAMBSPREAD-25NOV05USIBUT-BUT32,KXNCAAMBSPREAD-25NOV05USIBUT,Sports,2025-11-06 02:35:45.458262+00:00,912,912,912,343,7,200,-203,0,0,0,0,0.0,-0.25558507719768286,-0.27843430191334767,-0.348672142200553,-0.006374494683009475,False,False,False,0.0
KXNCAAMBSPREAD-25NOV05USIBUT-BUT29,KXNCAAMBSPREAD-25NOV05USIBUT,Sports,2025-11-06 02:35:45.458262+00:00,2675,2675,2675,85,1,85,85,0,0,0,0,0.0,-0.25558507719768286,-0.3315615806129325,-0.5119148094360845,-0.006374494683009475,False,False,False,0.0
KXNCAAMBSPREAD-25NOV05USIBUT-BUT23,KXNCAAMBSPREAD-25NOV05USIBUT,Sports,2025-11-06 02:35:45.458262+00:00,2895,2895,2638,414,6,200,186,0,0,0,0,0.0,-0.25558507719768286,-0.2638140042867177,-0.348672142200553,-0.006374494683009475,False,False,False,0.0
KXNCAAMBSPREAD-25NOV05USIBUT-BUT20,KXNCAAMBSPREAD-25NOV05USIBUT,Sports,2025-11-06 02:35:45.458262+00:00,2045,2045,722,250,2,200,250,0,0,0,0,0.0,-0.25558507719768286,-0.29758483260738405,-0.348672142200553,-0.006374494683009475,False,False,False,0.0
KXNCAAMBSPREAD-25NOV05USIBUT-BUT17,KXNCAAMBSPREAD-25NOV05USIBUT,Sports,2025-11-06 02:35:45.458262+00:00,301,301,250,250,2,200,250,0,0,0,0,0.0,-0.25558507719768286,-0.29758483260738405,-0.348672142200553,-0.006374494683009475,False,False,False,0.0
KXNCAAMBSPREAD-25NOV05USIBUT-BUT14,KXNCAAMBSPREAD-25NOV05USIBUT,Sports,2025-11-06 02:35:45.458262+00:00,250,250,250,250,2,200,250,0,0,0,0,0.0,-0.25558507719768286,-0.29758483260738405,-0.348672142200553,-0.006374494683009475,False,False,False,0.0
KXNCAAMBSPREAD-25NOV05USIBUT-BUT11,KXNCAAMBSPREAD-25NOV05USIBUT,Sports,2025-11-06 02:35:45.458262+00:00,250,250,250,0,0,0,0,0,0,0,0,0.0,-0.25558507719768286,-0.349064753827912,-0.6325724330449556,-0.006374494683009475,False,False,False,0.0
KXNCAAMBTOTAL-25NOV05RIDRUTG-161,KXNCAAMBTOTAL-25NOV05RIDRUTG,Sports,2025-11-06 02:50:34.542542+00:00,200,200,200,0,0,0,0,0,0,0,0,0.0,-0.25558507719768286,-0.349064753827912,-0.6325724330449556,-0.006374494683009475,False,False,False,0.0
KXNCAAMBTOTAL-25NOV05RIDRUTG-158,KXNCAAMBTOTAL-25NOV05RIDRUTG,Sports,2025-11-06 02:50:34.542542+00:00,246,246,246,0,0,0,0,0,0,0,0,0.0,-0.25558507719768286,-0.349064753827912,-0.6325724330449556,-0.006374494683009475,False,False,False,0.0
KXNCAAMBTOTAL-25NOV05RIDRUTG-155,KXNCAAMBTOTAL-25NOV05RIDRUTG,Sports,2025-11-06 02:50:34.542542+00:00,326,326,326,0,0,0,0,0,0,0,0,0.0,-0.25558507719768286,-0.349064753827912,-0.6325724330449556,-0.006374494683009475,False,False,False,0.0
KXNCAAMBTOTAL-25NOV05RIDRUTG-152,KXNCAAMBTOTAL-25NOV05RIDRUTG,Sports,2025-11-06 02:50:34.542542+00:00,200,200,200,0,0,0,0,0,0,0,0,0.0,-0.25558507719768286,-0.349064753827912,-0.6325724330449556,-0.006374494683009475,False,False,False,0.0
KXNCAAMBTOTAL-25NOV05RIDRUTG-149,KXNCAAMBTOTAL-25NOV05RIDRUTG,Sports,2025-11-06 02:50:34.542542+00:00,252,252,252,0,0,0,0,0,0,0,0,0.0,-0.25558507719768286,-0.349064753827912,-0.6325724330449556,-0.006374494683009475,False,False,False,0.0
